season,avg_sci_density,avg_complexity,total_words,total_sci_terms
1,0.67,0.964,44300,291
2,0.47,0.968,52169,243
3,0.456,0.965,55136,249
4,0.339,0.968,58373,200
5,0.274,0.962,57927,160
6,0.388,0.962,57337,219
7,0.348,0.965,62733,223
8,0.388,0.966,58004,228
9,0.206,0.967,58915,124
10,0.294,0.971,58556,168
